Unnamed: 0,product_id,product_name,product_price,food_ingredient
0,1,[fresheasy] 나만의 심야식당 3종 세트,26800,"['기타가공품', '건마늘분말', '폴리인산나트륨', '복합조미식품', '치자적색소', '식물성유지', '혼합제제', '소정육', '소스', '정제수', '전분가공품', '양파', '돼지뒷다리', '돼지지방', '닭고기', '전란액']"
1,2,[fresheasy] 누구나홀딱반한닭 바사칸치킨윙봉 400g 1팩,32700,"['기타가공품', '복합조미식품', '식물성유지', '닭고기', '혼합제제', '정제수', '전분가공품']"
2,3,[fresheasy] 누구나홀딱반한닭 바사칸치킨윙봉 400g 3팩,32700,"['기타가공품', '복합조미식품', '식물성유지', '닭고기', '혼합제제', '정제수', '전분가공품']"
3,4,[fresheasy] 누구나홀딱반한닭 바사칸치킨윙봉400g 3팩,21900,"['기타가공품', '복합조미식품', '식물성유지', '닭고기', '혼합제제', '정제수', '전분가공품']"
4,5,[fresheasy] 누구나홀딱반한닭 쉬림프치킨파히타 2인분 3팩,53700,"['기타 수산물가공품', '복합조미식품', '빵류', '청피망', '자연치즈', '소스', '양념육', '양파']"
5,6,[fresheasy] 누구나홀딱반한닭 치킨투움바파스타 (384g) 2인분 3팩,38700,"['기타가공품', '건면', '소스', '양념육']"
6,7,[fresheasy] 누구나홀딱반한닭 치킨투움바파스타 2인분 3팩,27900,"['기타가공품', '건면', '소스', '양념육']"
7,8,[fresheasy] 누구나홀딱반할 야식 4종 세트,32900,"['복합조미식품', '곡류가공품', '닭고기', '전란액', '치자적색소', '소고기', '소스', '정제수', '콩기름(대두유)', '기타가공품', '혼합제제', '돼지뒷다리', '돼지지방', '전분가공품', '건마늘분말', '식물성유지', '소정육', '양파', '폴리인산나트륨']"
8,9,[fresheasy] 백년가게 도가니탕 600g 1팩,7480,"['복합조미식품', '양파분말', '5-리보뉴클레오티드이나트륨', '다진마늘', '식육추출가공품', '추출가공식품', '소도가니', '천연향료(Pepper, white)', '소스지', '정제수', '녹용추출분말', '대파']"
9,10,[fresheasy] 백년가게 도가니탕 600g 5팩 (상온),37400,"['복합조미식품', '양파분말', '5-리보뉴클레오티드이나트륨', '다진마늘', '식육추출가공품', '추출가공식품', '소도가니', '천연향료(Pepper, white)', '소스지', '정제수', '녹용추출분말', '대파']"
10,11,[fresheasy] 백년가게 진한고깃집된장찌개 400g 1팩,5900,"['곡류가공품', '팽이버섯', '정제소금', '5-리보뉴클레오티드이나트륨', '청양고추', '혼합제제', '느타리버섯', '된장', '고춧가루', '탄산칼륨(고시형)', '소스', '정제수', 'L-글루탐산나트륨', '양파', '두부', '물엿', '대파']"
11,12,[fresheasy] 설 연휴 풍성한 식탁 3종 세트,43480,"['쌀가루', '정제소금', '혼합제제', '기타 식용유지가공품', '소스', '정제수', '닭다리살']"
12,13,[fresheasy] 슈퍼크런치 모짜렐라 치즈핫도그 80g 10팩,25000,"['곡류가공품', '소시지', '정제수', '난백액', '콩기름(대두유)', '가공치즈']"
13,14,[fresheasy] 슈퍼크런치 찰핫도그 80g 10팩,20000,"['소시지', '곡류가공품', '정제수', '난백액', '콩기름(대두유)']"
14,15,[fresheasy] 슈퍼크런치 핫도그 6팩 세트 (찰3+치즈3),13500,"['소시지', '곡류가공품', '정제수', '난백액', '콩기름(대두유)', '가공치즈']"
15,16,[fresheasy] 오근내닭갈비 춘천 닭갈비 400gX2팩,18900,"['쌀가루', '정제소금', '혼합제제', '기타 식용유지가공품', '소스', '정제수', '닭다리살']"
16,17,[fresheasy] 오근내닭갈비 춘천식닭갈비 400g 2팩,22000,"['쌀가루', '정제소금', '혼합제제', '기타 식용유지가공품', '소스', '정제수', '닭다리살']"
17,18,[fresheasy] 우리쌀밥 즉석밥 백미 210g 1BOX (36개입),52000,"['글루코노-δ-락톤', '정제수', '쌀']"
18,19,[fresheasy] 워커힐 고메한우 안심스테이크 180g 3팩,63900,"['볶은마늘분말', '서류가공품', '우유', '타임분말', '잔탄검', 'β-시클로덱스트린', '기타소금', '소주', '베이분말', '소고기', '자연치즈', '소스', '정제수', '식물성크림', '기타가공품', '가공유크림', '향신료조제품', '혼합제제', '과실주', '마늘', '건마늘분말', '글리세린지방산에스테르', '양파', '과.채가공품']"
19,20,[fresheasy] 워커힐 고메한우 안심스테이크 180g 3팩,63900,"['볶은마늘분말', '서류가공품', '우유', '타임분말', '잔탄검', 'β-시클로덱스트린', '기타소금', '소주', '베이분말', '소고기', '자연치즈', '소스', '정제수', '식물성크림', '기타가공품', '가공유크림', '향신료조제품', '혼합제제', '과실주', '마늘', '건마늘분말', '글리세린지방산에스테르', '양파', '과.채가공품']"
20,21,[fresheasy] 워커힐 고메한우 채끝스테이크 180g 3팩,53400,"['볶은마늘분말', '서류가공품', '우유', '타임분말', '잔탄검', 'β-시클로덱스트린', '소주', '베이분말', '자연치즈', '소스', '정제수', '식물성크림', '기타가공품', '가공유크림', '향신료조제품', '혼합제제', '과실주', '마늘', '건마늘분말', '글리세린지방산에스테르', '양파']"
21,22,[fresheasy] 워커힐 시그니처양념갈비 800g 3팩,98400,"['복합조미식품', '카라멜색소 Ⅲ', '설탕', '혼합제제', '된장', '마늘', '고춧가루', '소스', '정제수', '소갈비', '양파', '물엿', '과.채가공품', '혼합장', '혼합간장', '생강']"
22,23,[fresheasy] 워커힐 채끝스테이크 홈파티 3종 세트,62900,"['볶은마늘분말', '서류가공품', '우유', '타임분말', '잔탄검', 'β-시클로덱스트린', '소주', '베이분말', '자연치즈', '소스', '정제수', '식물성크림', '건면', '기타가공품', '가공유크림', '향신료조제품', '혼합제제', '과실주', '마늘', '양념육', '건마늘분말', '글리세린지방산에스테르', '양파']"
23,24,[fresheasy] 워커힐 채끝스테이크 홈파티 3종 세트 외,43900 ,"['볶은마늘분말', '서류가공품', '우유', '타임분말', '잔탄검', 'β-시클로덱스트린', '소주', '베이분말', '자연치즈', '소스', '정제수', '식물성크림', '건면', '기타가공품', '가공유크림', '향신료조제품', '혼합제제', '과실주', '마늘', '양념육', '건마늘분말', '글리세린지방산에스테르', '양파']"
24,25,[fresheasy] 이바돔 우거지감자탕 1kg 1팩,11000,"['복합조미식품', '후추가루', '배추우거지', '간생강', '고춧가루', '들깨가루', '팽이버섯', '소주', '콩가루', '간마늘', '소스', '정제수', '천일염', '돼지뼈', '월계수잎', '된장', '대파', '고추씨앗', '생강']"
25,26,[fresheasy] 이바돔 우거지감자탕 1kg 3팩,33000,"['복합조미식품', '후추가루', '배추우거지', '간생강', '고춧가루', '들깨가루', '팽이버섯', '소주', '콩가루', '간마늘', '소스', '정제수', '천일염', '돼지뼈', '월계수잎', '된장', '대파', '고추씨앗', '생강']"
26,27,[fresheasy] 젠틀플레이트 비법양념주꾸미 300g 3팩,28500,"['복합조미식품', '물엿', '고춧가루', '식품첨가물', '카레', '소스', '정제수', '주꾸미', '기타가공품', '무', '재제소금(재제조소금)', '고추장', '된장', '마늘', '백설탕', 'L-글루탐산나트륨', '양파', '탄산음료', '과.채가공품', '참기름']"
27,28,[fresheasy] 젠틀플레이트 비법양념주꾸미 300gx3팩,25000,"['복합조미식품', '물엿', '고춧가루', '식품첨가물', '카레', '소스', '정제수', '주꾸미', '기타가공품', '무', '재제소금(재제조소금)', '고추장', '된장', '마늘', '백설탕', 'L-글루탐산나트륨', '양파', '탄산음료', '과.채가공품', '참기름']"
28,29,[fresheasy] 중앙해장 한우내장탕 500g 3팩,33000,"['월계수잎', '천연향신료', '마늘', '소뼈', '천일염', '정제수', '소내장', '생강']"
29,30,[fresheasy] 중앙해장 한우내장탕 500g 3팩,29000,"['월계수잎', '천연향신료', '마늘', '소뼈', '천일염', '정제수', '소내장', '생강']"
30,31,[fresheasy] 중앙해장 한우내장탕 500g 5팩,55000,"['월계수잎', '천연향신료', '마늘', '소뼈', '천일염', '정제수', '소내장', '생강']"
31,32,[fresheasy] 중앙해장 한우내장탕 500g 5팩,55000,"['월계수잎', '천연향신료', '마늘', '소뼈', '천일염', '정제수', '소내장', '생강']"
32,33,[fresheasy] 중앙해장 한우내장탕 500g 5팩,55000,"['월계수잎', '천연향신료', '마늘', '소뼈', '천일염', '정제수', '소내장', '생강']"
33,34,[fresheasy] 중앙해장 한우양 해장국 700g 3팩,33000,"['복합조미식품', '포장육', '콩나물', '후추가루', '다진마늘', '건조무청', '된장', '가공소금', '소스', '양념육', 'L-글루탐산나트륨', '고추맛기름', '정제수', '고춧가루']"
34,35,[fresheasy] 중앙해장 한우양 해장국 700g 5팩,55000,"['복합조미식품', '포장육', '콩나물', '후추가루', '다진마늘', '건조무청', '된장', '가공소금', '소스', '양념육', 'L-글루탐산나트륨', '고추맛기름', '정제수', '고춧가루']"
35,36,[fresheasy] 중앙해장 한우양 해장국 700g 5팩,55000,"['복합조미식품', '포장육', '콩나물', '후추가루', '다진마늘', '건조무청', '된장', '가공소금', '소스', '양념육', 'L-글루탐산나트륨', '고추맛기름', '정제수', '고춧가루']"
36,37,[fresheasy] 중앙해장 한우양해장국 700g 3팩,29000,"['복합조미식품', '포장육', '콩나물', '후추가루', '다진마늘', '건조무청', '된장', '가공소금', '소스', '양념육', 'L-글루탐산나트륨', '고추맛기름', '정제수', '고춧가루']"
37,38,[fresheasy] 중앙해장 한우양해장국 700g 5팩,55000,"['복합조미식품', '포장육', '콩나물', '후추가루', '다진마늘', '건조무청', '된장', '가공소금', '소스', '양념육', 'L-글루탐산나트륨', '고추맛기름', '정제수', '고춧가루']"
38,39,[fresheasy] 최현석 밀키트 맛보기 5종 세트,46900,"['곡류가공품', '복합조미식품', '기타가공품', '건마늘분말', '폴리인산나트륨', '치자적색소', '소정육', '소고기', '소스', '정제수', '돼지뒷다리', '양파', '콩기름(대두유)', '돼지지방', '전분가공품', '전란액']"
39,40,[fresheasy] 최현석 한돈한우 더블치즈 함박스테이크 180g 3팩,18000,"['기타가공품', '건마늘분말', '폴리인산나트륨', '치자적색소', '혼합제제', '소정육', '자연치즈', '소스', '양파', '돼지뒷다리', '돼지지방', '전란액']"
40,41,[fresheasy] 최현석 한돈한우 블랙소이 함박스테이크 180g 3팩,19500,"['기타가공품', '건마늘분말', '폴리인산나트륨', '치자적색소', '소정육', '소스', '양파', '돼지뒷다리', '돼지지방', '전란액']"
41,42,[fresheasy] 최현석 한돈한우 스파이시 함박스테이크 180g 3팩,19500,"['기타가공품', '건마늘분말', '폴리인산나트륨', '치자적색소', '혼합제제', '소정육', '자연치즈', '소스', '양파', '돼지뒷다리', '돼지지방', '전란액']"
42,43,[fresheasy] 최현석 한돈한우 함박스테이크 4종 맛보기 세트,25500,"['기타가공품', '건마늘분말', '폴리인산나트륨', '치자적색소', '혼합제제', '소정육', '자연치즈', '소스', '양파', '돼지뒷다리', '돼지지방', '전란액']"
43,44,[fresheasy] 최현석 한우등심 150g 1팩,15000,"['복합조미식품', '소고기', '가공소금', '정제수', '과.채가공품']"
44,45,[fresheasy] 최현석 한우등심 150g 3팩,27600,"['복합조미식품', '소고기', '가공소금', '정제수', '과.채가공품']"
45,46,[fresheasy] 최현석 한우차돌박이 150g 3팩,27600,"['가공소금', '과.채가공품', '소고기', '정제수']"
46,47,[fresheasy] 패밀리 양식다이닝 4종 세트,29900,"['기타 수산물가공품', '복합조미식품', '기타가공품', '빵류', '청피망', '자연치즈', '소스', '양념육', '양파', '건면']"
47,48,[fresheasy] 홀리데이 채끝 스테이크 5종 세트,62900,"['복합조미식품', '곡류가공품', '볶은마늘분말', '빵류', '서류가공품', '우유', '타임분말', '잔탄검', 'β-시클로덱스트린', '기타 수산물가공품', '소주', '베이분말', '소고기', '자연치즈', '소스', '정제수', '식물성크림', '콩기름(대두유)', '기타가공품', '가공유크림', '향신료조제품', '혼합제제', '과실주', '청피망', '마늘', '양념육', '전분가공품', '건마늘분말', '글리세린지방산에스테르', '양파']"
48,49,[fresheasy] 홀리데이 채끝 스테이크 5종세트,49900,"['복합조미식품', '곡류가공품', '볶은마늘분말', '빵류', '서류가공품', '우유', '타임분말', '잔탄검', 'β-시클로덱스트린', '기타 수산물가공품', '소주', '베이분말', '소고기', '자연치즈', '소스', '정제수', '식물성크림', '콩기름(대두유)', '기타가공품', '가공유크림', '향신료조제품', '혼합제제', '과실주', '청피망', '마늘', '양념육', '전분가공품', '건마늘분말', '글리세린지방산에스테르', '양파']"
49,50,[감동식탁] 한끼 고기 만두국 밀키트 450g x 2봉 (총 6인분),15900,"['복합조미식품', '만두']"
50,51,[감동식탁] 한끼 고기 만두국 밀키트 450g x 3봉 (총 9인분),19900,"['복합조미식품', '만두']"
51,52,[감동식탁] 한끼 고기 만두국 밀키트 450g x 5봉 (총 15인분),26900,"['복합조미식품', '만두']"
52,53,[감동식탁] 한끼 김치 만두국 밀키트 450g x 2봉 (총 6인분),15900,"['복합조미식품', '만두']"
53,54,[감동식탁] 한끼 김치 만두국 밀키트 450g x 3봉 (총 9인분),19900,"['복합조미식품', '만두']"
54,55,[감동식탁] 한끼 김치 만두국 밀키트 450g x 5봉 (총 15인분),26900,"['복합조미식품', '만두']"
55,56,[그리팅 X 성산포바당] 제주 고사리 육개장,10900,"['기타가공품', '복합조미식품', '생강', '식육추출가공품', '된장', '돼지고기', '고춧가루', '마늘', '건고사리', '참기름', '양념육', '정제수', '양파', 'L-글루탐산나트륨', '식염', '혼합간장', '대파']"
56,57,[그리팅 X 성산포바당] 제주 몸국 (550g),9500,"['배추', '기타가공품', '복합조미식품', '모자반', '식육추출가공품', '생강', '된장', '돼지고기', '양념육', '정제수', '양파', 'L-글루탐산나트륨', '식염', '혼합간장', '대파']"
57,58,[그리팅] 감바스 알아히요 파스타,14500,"['복합조미식품', '기타가공품', '숙면', '새우', '올리브유', '토마토과육', '정제소금', '브로콜리', '천연향신료', '마늘', '소스', '건고추', '양파', '조미액젓', '고춧가루']"
58,59,[매드포갈릭] 갈릭 트러플 크림 뇨끼,11900,"['숙면', '소스류', '과.채가공품']"
59,60,[매드포갈릭] 갈릭페뇨 파스타 밀키트 (2인분),19800,"['복합조미식품', '올리브유', '생면', '절임식품', '정제수', '양파', '과.채가공품', '고춧가루']"
60,61,[매드포갈릭] 아라비아따 밀키트 (2인분),18200,"['기타가공품', '베이컨류', '혼합올리브유', '다진마늘', '소스', '정제수', '건고추', '양파', '건면', '고춧가루']"
61,62,[매드포갈릭] 올리브 슈림프 카슈엘라,16900,"['복합조미식품', '올리브유', '후추가루', '빵류', '파슬리플레이크', '건조토마토', '흰다리새우', '다진마늘', '고추', '버터', '블랙올리브', '마늘', '멸치', '천일염', '정제수', 'L-글루탐산나트륨', '양파', '레몬주스']"
62,63,[매드포갈릭] 토마토 홍합 스튜 밀키트,24000,"['소스', '홍합']"
63,64,[매드포갈릭] 프레시 오션 수프 파스타,18900,"['양송이버섯', '숙면', '새우', '혼합올리브유', '고추', '절임식품', '오징어채', '소스', '양파', '바지락']"
64,65,[모두의맛집 - 바삭마차] 왕등심돈까스,13500,"['분쇄가공육제품', '소스']"
65,66,[모두의맛집 - 삼맛호오떡] 씨월드호떡,6300,"['곡류가공품', '기타가공품', '정제소금', '땅콩분태', '설탕', '서류가공품', '혼합제제', '팽창제제', '기타설탕', '콩기름(대두유)', '해바라기씨앗', '천연향신료', '호박씨앗', '효소처리스테비아', '정제수', '강력분', '조림류', '중력분']"
66,67,[모두의맛집 - 서울지짐이] 오징어비빔쫄면,13000,"['기타 수산물가공품', '숙면', '콩나물', '소스', '당근']"
67,68,[모두의맛집 - 수제비먹는닭갈비] 바지락 수제비,7200,"['기타 수산물가공품', '생면', '소스', '쥬키니호박', '대파']"
68,69,[모두의맛집 - 옥이네칼국수] 감자칼국수,9500,"['기타가공품', '생면', '감자', '소스', '당근', '쥬키니호박', '대파']"
69,70,[모두의맛집 - 장수닭한마리] 고사리닭개장,7000,"['복합조미식품', '향미유', '닭뼈', '물엿', '황기', '고춧가루', '식품첨가물', '음나무줄기', '정제수', '건면', '식염', '고추장', '마늘', '양념육', '대파', '감초뿌리', '천연향신료', '삶은고사리', '숙주나물', '양파', 'L-글루탐산나트륨', '혼합간장']"
70,71,[모두의맛집] 바투엣 매운 쌀국수,8500,"['숙면', '즉석조리식품']"
71,72,[모두의맛집] 바투엣 소고기쌀국수,7500,"['숙면', '즉석조리식품']"
72,73,[모두의맛집] 오세득 수제라구소스 가지라자냐 3팩 구성,"33000
(선택 1.[모두의맛집] 오세득 수제라구소스 가지라자냐 3팩 구성- 기준)","['복합조미식품', '숙면', '정제소금', '고춧가루', '소스류', '자연치즈', '소스', '기타가공품', '가지', '다진마늘', '과실주', '당근', '백설탕', '파슬리분말', '천연향신료', '우민찌', '양파', '셀러리', '과.채가공품', '채종유(유채유 또는 카놀라유)']"
73,74,[빕스] 디트로이트 피자 4종 4팩 (페퍼로니1 바비큐포크1 고르곤졸라1 하와이안1),21900,"['기타가공품', '곡류가공품', '효모', '소시지', '정제소금', '설탕', '혼합식용유', '혼합제제', '밀가루', '서류가공품', '분쇄가공육제품', '천연향신료', '치즈', '자연치즈', '소스', '정제수', '식물성크림', '과.채가공품']"
74,75,[빕스] 버팔로 핫윙+핫봉 세트 (윙1+봉1),19900,"['곡류가공품', '복합조미식품', '정제소금', '후추가루', '옥수수전분', '혼합제제', '히드록시프로필인산이전분', '정제수', 'L-글루탐산나트륨', '콩기름(대두유)', '닭고기']"
75,76,[빕스] 시그니처 스테이크 2종 2팩,29800,"['복합조미식품', '향신료조제품', '서류가공품', '혼합식용유', '소고기', '아스파라거스순', '마늘', '홍파프리카', '소스', '양파', '로즈마리잎', '과.채가공품']"
76,77,[빕스] 시그니처 스테이크 2종 4팩,52600,"['복합조미식품', '향신료조제품', '서류가공품', '혼합식용유', '소고기', '아스파라거스순', '마늘', '홍파프리카', '소스', '양파', '로즈마리잎', '과.채가공품']"
77,78,[빕스] 척아이롤 스테이크 361g 1팩,14900,"['복합조미식품', '향신료조제품', '서류가공품', '혼합식용유', '소고기', '아스파라거스순', '홍파프리카', '소스', '로즈마리잎']"
78,79,[빕스] 척아이롤 스테이크 361g 2팩,29800,"['복합조미식품', '향신료조제품', '서류가공품', '혼합식용유', '소고기', '아스파라거스순', '홍파프리카', '소스', '로즈마리잎']"
79,80,[신특한레시피] 어묵으로 감싼 만두전골 밀키트 (냉동),22900,"['어묵', '표고버섯', '소스', '건고추', '양파', '대파']"
80,81,[신특한레시피] 항정살 듬뿍 제육볶음 (냉동),22900,"['복합조미식품', 'L-글루탐산나트륨제제', '향미유', '콩기름(대두유)', '고추장', '천연향신료', '돼지항정살', '냉동다진마늘', '소스', '정제수', '양파', '백설탕', '물엿', '혼합간장', '고춧가루']"
81,82,[족발야시장] 북성로 직화 연탄불고기 250g x 10팩 / 석쇠불고기,67900,"['소스류', '돼지고기']"
82,83,[족발야시장] 북성로 직화 연탄불고기 250g x 3팩 / 석쇠불고기,24900,"['소스류', '돼지고기']"
83,84,[족발야시장] 북성로 직화 연탄불고기 250g x 6팩 / 석쇠불고기,46900,"['소스류', '돼지고기']"
84,85,[족발야시장] 족발야시장 직화 양념곱창 250g 10팩,67900,"['복합조미식품', '설탕', '천연향신료', '돼지곱창', '고춧가루']"
85,86,[족발야시장] 족발야시장 직화 양념곱창 250g 3팩,24900,"['복합조미식품', '설탕', '천연향신료', '돼지곱창', '고춧가루']"
86,87,[족발야시장] 족발야시장 직화 양념곱창 250g 6팩,46900,"['복합조미식품', '설탕', '천연향신료', '돼지곱창', '고춧가루']"
87,88,[지투지샵] 마이무 달콤 닭갈비 800g 1팩,18900,"['소스류', '표고버섯가루', 'L-글루탐산나트륨', '물엿', '닭고기']"
88,89,[지투지샵] 마이무 달콤 닭갈비 800g 2팩,32900,"['소스류', '표고버섯가루', 'L-글루탐산나트륨', '물엿', '닭고기']"
89,90,[지투지샵] 마이무 달콤 윙봉 800g 1팩,15900,"['소스류', '표고버섯가루', 'L-글루탐산나트륨', '물엿', '닭고기']"
90,91,[지투지샵] 마이무 달콤 윙봉 800g 2팩,27900,"['소스류', '표고버섯가루', 'L-글루탐산나트륨', '물엿', '닭고기']"
91,92,[지투지샵] 마이무 매콤 윙봉 800g 1팩,15900,"['소스류', '마늘', '표고버섯가루', 'L-글루탐산나트륨', '닭고기', '고춧가루']"
92,93,[지투지샵] 마이무 매콤 윙봉 800g 2팩,27900,"['소스류', '마늘', '표고버섯가루', 'L-글루탐산나트륨', '닭고기', '고춧가루']"
93,94,[지투지샵] 마이무 무뼈 불닭발 300g 1팩,11900,"['소스류', '마늘', '표고버섯가루', 'L-글루탐산나트륨', '닭발', '고춧가루']"
94,95,[지투지샵] 마이무 무뼈 불닭발 300g 2팩,18900,"['소스류', '마늘', '표고버섯가루', 'L-글루탐산나트륨', '닭발', '고춧가루']"
95,96,[지투지샵] 마이무 무뼈 불닭발 300g 3팩,25900,"['소스류', '마늘', '표고버섯가루', 'L-글루탐산나트륨', '닭발', '고춧가루']"
96,97,[지투지샵] 마이무 무뼈 불닭발 300g 4팩,32900,"['소스류', '마늘', '표고버섯가루', 'L-글루탐산나트륨', '닭발', '고춧가루']"
97,98,[지투지샵] 마이무 무뼈닭발 1kg 1팩,25900,"['소스류', '마늘', '표고버섯가루', 'L-글루탐산나트륨', '닭발', '고춧가루']"
98,99,[지투지샵] 마이무 무뼈닭발 1kg 2팩,47900,"['소스류', '마늘', '표고버섯가루', 'L-글루탐산나트륨', '닭발', '고춧가루']"
99,100,[지투지샵] 마이무 무뼈닭발 500g 1팩,15900,"['소스류', '마늘', '표고버섯가루', 'L-글루탐산나트륨', '닭발', '고춧가루']"
100,101,[지투지샵] 마이무 무뼈닭발 500g 2팩,26900,"['소스류', '마늘', '표고버섯가루', 'L-글루탐산나트륨', '닭발', '고춧가루']"
101,102,[지투지샵] 마이무 무뼈닭발 500g 3팩,38900,"['소스류', '마늘', '표고버섯가루', 'L-글루탐산나트륨', '닭발', '고춧가루']"
102,103,[지투지샵] 마이무 무뼈닭발 500g 4팩,49900,"['소스류', '마늘', '표고버섯가루', 'L-글루탐산나트륨', '닭발', '고춧가루']"
103,104,[지투지샵] 마이무 솔트 생목살 500g 1팩,12500,"['마늘', '가공소금', '표고버섯가루', 'L-글루탐산나트륨', '천연향료(Pepper, black)', '어니언시즈닝', '닭고기']"
104,105,[지투지샵] 마이무 솔트 생목살 500g 2팩,19900,"['마늘', '가공소금', '표고버섯가루', 'L-글루탐산나트륨', '천연향료(Pepper, black)', '어니언시즈닝', '닭고기']"
105,106,[지투지샵] 마이무 솔트 생목살 500g 3팩,26900,"['마늘', '가공소금', '표고버섯가루', 'L-글루탐산나트륨', '천연향료(Pepper, black)', '어니언시즈닝', '닭고기']"
106,107,[지투지샵] 마이무 솔트 생목살 500g 4팩,34900,"['마늘', '가공소금', '표고버섯가루', 'L-글루탐산나트륨', '천연향료(Pepper, black)', '어니언시즈닝', '닭고기']"
107,108,[지투지샵] 마이무 양념 목살 500g 1팩,12500,"['소스류', '마늘', '표고버섯가루', 'L-글루탐산나트륨', '닭고기', '고춧가루']"
108,109,[지투지샵] 마이무 양념 목살 500g 2팩,19900,"['소스류', '마늘', '표고버섯가루', 'L-글루탐산나트륨', '닭고기', '고춧가루']"
109,110,[지투지샵] 마이무 양념 목살 500g 3팩,26900,"['소스류', '마늘', '표고버섯가루', 'L-글루탐산나트륨', '닭고기', '고춧가루']"
110,111,[지투지샵] 마이무 양념 목살 500g 4팩,34900,"['소스류', '마늘', '표고버섯가루', 'L-글루탐산나트륨', '닭고기', '고춧가루']"
111,112,[지투지샵] 마이무 한입 간장 순살닭갈비 1kg 1팩,15500,"['소스류', '표고버섯가루', 'L-글루탐산나트륨', '물엿', '닭고기']"
112,113,[지투지샵] 마이무 한입 간장 순살닭갈비 1kg 2팩,25900,"['소스류', '표고버섯가루', 'L-글루탐산나트륨', '물엿', '닭고기']"
113,114,[지투지샵] 마이무 한입 간장 순살닭갈비 500g 1팩,10500,"['소스류', '표고버섯가루', 'L-글루탐산나트륨', '물엿', '닭고기']"
114,115,[지투지샵] 마이무 한입 간장 순살닭갈비 500g 2팩,15900,"['소스류', '표고버섯가루', 'L-글루탐산나트륨', '물엿', '닭고기']"
115,116,[지투지샵] 마이무 한입 간장 순살닭갈비 500g 3팩,21900,"['소스류', '표고버섯가루', 'L-글루탐산나트륨', '물엿', '닭고기']"
116,117,[지투지샵] 마이무 한입 간장 순살닭갈비 500g 4팩,27500,"['소스류', '표고버섯가루', 'L-글루탐산나트륨', '물엿', '닭고기']"
117,118,[지투지샵] 마이무 한입 양념 순살닭갈비 1kg 1팩,15500,"['소스류', '마늘', '표고버섯가루', 'L-글루탐산나트륨', '닭고기', '고춧가루']"
118,119,[지투지샵] 마이무 한입 양념 순살닭갈비 1kg 2팩,25900,"['소스류', '마늘', '표고버섯가루', 'L-글루탐산나트륨', '닭고기', '고춧가루']"
119,120,[지투지샵] 마이무 한입 양념 순살닭갈비 500g 1팩,10500,"['소스류', '마늘', '표고버섯가루', 'L-글루탐산나트륨', '닭고기', '고춧가루']"
120,121,[지투지샵] 마이무 한입 양념 순살닭갈비 500g 2팩,15900,"['소스류', '마늘', '표고버섯가루', 'L-글루탐산나트륨', '닭고기', '고춧가루']"
121,122,[지투지샵] 마이무 한입 양념 순살닭갈비 500g 3팩,21900,"['소스류', '마늘', '표고버섯가루', 'L-글루탐산나트륨', '닭고기', '고춧가루']"
122,123,[지투지샵] 마이무 한입 양념 순살닭갈비 500g 4팩,27500,"['소스류', '마늘', '표고버섯가루', 'L-글루탐산나트륨', '닭고기', '고춧가루']"
123,124,[프레시지] [theEASY] 칠리새우 300g,9900,"['정제소금', '향미유', '새우살', '박력분', '잔탄검', '파프리카추출색소', '설탕', '식품첨가물', '카라멜색소비에이', '정제수', '주정', '콩기름(대두유)', '토마토케첩', '마늘', '발효식초', '기타과당', '전분가공품', '변성전분', '천연향신료', '쇼트닝', '마요네즈', '과.채가공품', '혼합간장']"
124,125,[프레시지] [선물세트] 한돈한우 남도떡갈비200g X 5팩 (1KG)_A02,30000,"['건마늘분말', '복합조미식품', '폴리인산나트륨', '돼지갈비살', '후추가루', '소고기', '마늘', '소스', 'L-글루탐산나트륨', '양파', '돼지뒷다리', '백설탕', '소지방', '돼지지방', '양조간장', '참기름', '대파']"
125,126,[프레시지] [선물세트] 한돈한우 남도떡갈비200g X 6팩 (1.2KG)_A04,33900,"['건마늘분말', '복합조미식품', '폴리인산나트륨', '돼지갈비살', '후추가루', '소고기', '마늘', '소스', 'L-글루탐산나트륨', '양파', '돼지뒷다리', '백설탕', '소지방', '돼지지방', '양조간장', '참기름', '대파']"
126,127,[프레시지] [선물세트] 한입LA갈비 500g X 2팩 + 한돈한우 남도떡갈비 200g X 2팩 + 안일옥 도가니탕 650g,44900,"['복합조미식품', '돼지갈비살', '후추가루', '카라멜색소', '물엿', '설탕', '소고기', '혼합간장', '소스', '정제수', '소지방', '양조간장', '기타가공품', '마늘', '청주', '돼지뒷다리', '백설탕', '돼지지방', '대파', '건마늘분말', '폴리인산나트륨', '천연향신료', 'L-글루탐산나트륨', '양파', '과.채가공품', '참기름']"
127,128,[프레시지] [선물세트] 한입LA갈비 500g X 2팩 + 한돈한우 남도떡갈비 200g X 2팩 + 야심작 양념쭈꾸미 300,44900,"['복합조미식품', '돼지갈비살', '후추가루', '카라멜색소', '물엿', '설탕', '소고기', '혼합간장', '소스', '정제수', '소지방', '양조간장', '기타가공품', '마늘', '청주', '돼지뒷다리', '백설탕', '돼지지방', '대파', '건마늘분말', '폴리인산나트륨', '천연향신료', 'L-글루탐산나트륨', '양파', '과.채가공품', '참기름']"
128,129,[프레시지] [선물세트] 한입LA갈비 500G X 2팩 + 한돈한우 남도떡갈비 200g X 2팩 + 흑산도 장어구이 229g,51900,"['복합조미식품', '돼지갈비살', '후추가루', '카라멜색소', '물엿', '설탕', '소고기', '혼합간장', '소스', '정제수', '소지방', '양조간장', '기타가공품', '마늘', '청주', '돼지뒷다리', '백설탕', '돼지지방', '대파', '건마늘분말', '폴리인산나트륨', '천연향신료', 'L-글루탐산나트륨', '양파', '과.채가공품', '참기름']"
129,130,[프레시지] [선물세트] 한입LA갈비 500g X 3팩 + 한돈한우 남도떡갈비 200g X 3팩 (2.1KG)_A05,47900,"['복합조미식품', '돼지갈비살', '후추가루', '카라멜색소', '물엿', '설탕', '소고기', '혼합간장', '소스', '정제수', '소지방', '양조간장', '기타가공품', '마늘', '청주', '돼지뒷다리', '백설탕', '돼지지방', '대파', '건마늘분말', '폴리인산나트륨', '천연향신료', 'L-글루탐산나트륨', '양파', '과.채가공품', '참기름']"
130,131,[프레시지] [선물세트] 한입LA갈비 500g X 4팩 + 안일옥 도가니탕 650g X 2팩_A03,53900,"['복합조미식품', '카라멜색소', '식육추출가공품', '소도가니', '물엿', '양파분말', '설탕', '소고기', '혼합간장', '소스', '정제수', '녹용추출분말', '기타가공품', '다진마늘', '추출가공식품', '청주', '소스지', '대파', '5-리보뉴클레오티드이나트륨', '천연향신료', '과.채가공품', '참기름']"
131,132,[프레시지] NEW 스테이크 4팩세트(텍사스페퍼2팩+뉴욕갈릭2팩),21900,"['복합조미식품', '잼', '잔탄검', '후추가루', '설탕', '소고기', '마늘', '소스', '정제수', '양파', '크랜베리혼합농축액', '과.채가공품', '변성전분']"
132,133,[프레시지] NEW 스테이크 파스타 4종 세트(뉴욕갈릭+텍사스페퍼+바지락술찜파스타+갈릭치즈파스타),25900,"['복합조미식품', '유함유가공품', '후추가루', '홍고추', '치즈', '잔탄검', '잼', '설탕', '소고기', '소스', '정제수', '건면', '마늘', '바지락', '대파', '변성전분', '건고추', '양파', '크랜베리혼합농축액', '과.채가공품']"
133,134,[프레시지] 뉴욕 갈릭 스테이크 170g,9900,"['복합조미식품', '잼', '잔탄검', '후추가루', '설탕', '소고기', '마늘', '소스', '정제수', '양파', '크랜베리혼합농축액', '과.채가공품', '변성전분']"
134,135,[프레시지] 머쉬룸크림수프 200g,2900,"['기타가공품', '양송이버섯', '마가린', '마늘', '정제수', '양파', '식물성크림']"
135,136,[프레시지] 명절큰상SET (한입LA갈비3팩+남도떡갈비3팩+장어구이2팩+진한도가니탕2팩),93000,"['복합조미식품', '돼지갈비살', '후추가루', '카라멜색소', '식육추출가공품', '소도가니', '물엿', '양파분말', '설탕', '소고기', '혼합간장', '소스', '정제수', '소지방', '양조간장', '녹용추출분말', '기타가공품', '다진마늘', '과실주', '추출가공식품', '마늘', '청주', '소스지', '돼지뒷다리', '백설탕', '돼지지방', '대파', '건마늘분말', '폴리인산나트륨', '5-리보뉴클레오티드이나트륨', '천연향신료', '붕장어', 'L-글루탐산나트륨', '양파', '과.채가공품', '참기름']"
136,137,[프레시지] 명절한상SET (한입LA갈비2팩+남도떡갈비2팩+진한도가니탕2팩),51400,"['복합조미식품', '돼지갈비살', '후추가루', '카라멜색소', '식육추출가공품', '소도가니', '물엿', '양파분말', '설탕', '소고기', '혼합간장', '소스', '정제수', '소지방', '양조간장', '녹용추출분말', '기타가공품', '다진마늘', '추출가공식품', '마늘', '청주', '소스지', '돼지뒷다리', '백설탕', '돼지지방', '대파', '건마늘분말', '폴리인산나트륨', '5-리보뉴클레오티드이나트륨', '천연향신료', 'L-글루탐산나트륨', '양파', '과.채가공품', '참기름']"
137,138,[프레시지] 바지락술찜파스타 2인분,12900,"['복합조미식품', '유함유가공품', '홍고추', '마늘', '소스', '바지락', '건면', '대파']"
138,139,[프레시지] 백년가게 도가니탕 600gx8팩,79900,"['복합조미식품', '양파분말', '5-리보뉴클레오티드이나트륨', '다진마늘', '식육추출가공품', '추출가공식품', '소도가니', '천연향료(Pepper, white)', '소스지', '정제수', '녹용추출분말', '대파']"
139,140,[프레시지] 부채살스테이크 2인분x4팩(8인분),55600,"['복합조미식품', '정제소금', '향신료조제품', '서류가공품', '그린콩꼬투리', '혼합식용유', '소고기', '천연향신료', '마늘', '홍파프리카', '소스', 'L-글루탐산나트륨', '과.채가공품']"
140,141,[프레시지] 안일옥 진한 도가니탕 650g,8500,"['복합조미식품', '양파분말', '5-리보뉴클레오티드이나트륨', '다진마늘', '천연향신료', '식육추출가공품', '추출가공식품', '소도가니', '소스지', '정제수', '녹용추출분말', '대파']"
141,142,[프레시지] 안일옥 진한 도가니탕 650gx2팩,14900,"['복합조미식품', '양파분말', '5-리보뉴클레오티드이나트륨', '다진마늘', '천연향신료', '식육추출가공품', '추출가공식품', '소도가니', '소스지', '정제수', '녹용추출분말', '대파']"
142,143,[프레시지] 안일옥 진한 도가니탕 650gx3팩(1.95kg),23700,"['복합조미식품', '양파분말', '5-리보뉴클레오티드이나트륨', '다진마늘', '천연향신료', '식육추출가공품', '추출가공식품', '소도가니', '소스지', '정제수', '녹용추출분말', '대파']"
143,144,[프레시지] 안일옥 진한 도가니탕 650gx6팩(3.9kg),47400,"['복합조미식품', '양파분말', '5-리보뉴클레오티드이나트륨', '다진마늘', '천연향신료', '식육추출가공품', '추출가공식품', '소도가니', '소스지', '정제수', '녹용추출분말', '대파']"
144,145,[프레시지] 얇은피고기만두 160g,3500,"['복합조미식품', '정제소금', '분쇄가공육제품', '닭고기', '양배추', '설탕', '정제수', '대두단백', '기타가공품', '혼합제제', '돼지고기', '마늘', '식용돈지', '참기름', '당면', '두부', '덱스트린', '대파', '밀가루', '천연향신료', 'L-글루탐산나트륨', '양파', '부추', '혼합간장']"
145,146,[프레시지] 얇은피고기만두 160g 2팩,6500,"['복합조미식품', '정제소금', '분쇄가공육제품', '닭고기', '양배추', '설탕', '정제수', '대두단백', '기타가공품', '혼합제제', '돼지고기', '마늘', '식용돈지', '참기름', '당면', '두부', '덱스트린', '대파', '밀가루', '천연향신료', 'L-글루탐산나트륨', '양파', '부추', '혼합간장']"
146,147,[프레시지] 얇은피김치만두 160g,3500,"['복합조미식품', '정제소금', '고춧가루', '김치', '설탕', '소스', '정제수', '대두단백', '기타가공품', '향신료조제품', '혼합제제', '돼지고기', '마늘', '식용돈지', '당면', '두부', '덱스트린', '대파', '건무', '밀가루', '천연향신료', '절임배추', 'L-글루탐산나트륨', '부추']"
147,148,[프레시지] 얇은피김치만두 160g 2팩,6500,"['복합조미식품', '정제소금', '고춧가루', '김치', '설탕', '소스', '정제수', '대두단백', '기타가공품', '향신료조제품', '혼합제제', '돼지고기', '마늘', '식용돈지', '당면', '두부', '덱스트린', '대파', '건무', '밀가루', '천연향신료', '절임배추', 'L-글루탐산나트륨', '부추']"
148,149,[프레시지] 얇은피만두 2종 2팩 (고기만두 1팩+김치만두 1팩),6000,"['복합조미식품', '정제소금', '분쇄가공육제품', '닭고기', '고춧가루', '양배추', '김치', '설탕', '소스', '정제수', '대두단백', '기타가공품', '향신료조제품', '혼합제제', '돼지고기', '마늘', '식용돈지', '참기름', '당면', '두부', '덱스트린', '대파', '건무', '밀가루', '천연향신료', '절임배추', 'L-글루탐산나트륨', '양파', '부추', '혼합간장']"
149,150,[프레시지] 얇은피만두 2종 4팩 (고기만두 2팩+김치만두 2팩),9900,"['복합조미식품', '정제소금', '분쇄가공육제품', '닭고기', '고춧가루', '양배추', '김치', '설탕', '소스', '정제수', '대두단백', '기타가공품', '향신료조제품', '혼합제제', '돼지고기', '마늘', '식용돈지', '참기름', '당면', '두부', '덱스트린', '대파', '건무', '밀가루', '천연향신료', '절임배추', 'L-글루탐산나트륨', '양파', '부추', '혼합간장']"
150,151,[프레시지] 얇은피만두 2종 5팩 (고기만두 3팩+김치만두 2팩),17500,"['복합조미식품', '정제소금', '분쇄가공육제품', '닭고기', '고춧가루', '양배추', '김치', '설탕', '소스', '정제수', '대두단백', '기타가공품', '향신료조제품', '혼합제제', '돼지고기', '마늘', '식용돈지', '참기름', '당면', '두부', '덱스트린', '대파', '건무', '밀가루', '천연향신료', '절임배추', 'L-글루탐산나트륨', '양파', '부추', '혼합간장']"
151,152,[프레시지] 온가족 홈파티 밀키트 4종 세트(블랙라벨 2팩+감바스+쉬림프로제),43900,"['기타 수산물가공품', '복합조미식품', '유함유가공품', '새송이버섯', '정제소금', '빵류', '기타가공품', '혼합식용유', '고추', '향신료조제품', '브로콜리', '마늘', '소스', '양파', '로즈마리잎', '건면']"
152,153,[프레시지] 중화고기짬뽕 2인분,12900,"['양배추', '글루텐', '정제소금', '변성전분', '혼합제제', '밀가루', '목이버섯', '소스', '정제수', '양념육', '양파', '당근', '잔탄검', '비타민B2', '대파']"
153,154,[프레시지] 중화짜장면 2인분,10900,"['글루텐', '정제소금', '혼합제제', '밀가루', '소스', '정제수', '양념육', '양파', '잔탄검', '비타민B2', '변성전분']"
154,155,[프레시지] 커플 홈파티 밀키트 3종 세트(블랙라벨 2팩+바지락술찜파스타 1팩),35900,"['복합조미식품', '유함유가공품', '홍고추', '마늘', '소스', '바지락', '건면', '대파']"
155,156,[프레시지] 텍사스 페퍼 스테이크 170g,9900,"['복합조미식품', '소고기', '정제수']"
156,157,[프레시지] 한돈한우 남도떡갈비 200g,6900,"['건마늘분말', '복합조미식품', '폴리인산나트륨', '돼지갈비살', '후추가루', '소고기', '마늘', '소스', 'L-글루탐산나트륨', '양파', '돼지뒷다리', '백설탕', '소지방', '돼지지방', '양조간장', '참기름', '대파']"
157,158,[프레시지] 한돈한우 남도떡갈비 200g x 10팩(20개입),69000,"['건마늘분말', '복합조미식품', '폴리인산나트륨', '돼지갈비살', '후추가루', '소고기', '마늘', '소스', 'L-글루탐산나트륨', '양파', '돼지뒷다리', '백설탕', '소지방', '돼지지방', '양조간장', '참기름', '대파']"
158,159,[프레시지] 한돈한우 남도떡갈비 200g x 6팩(12개입),41400,"['건마늘분말', '복합조미식품', '폴리인산나트륨', '돼지갈비살', '후추가루', '소고기', '마늘', '소스', 'L-글루탐산나트륨', '양파', '돼지뒷다리', '백설탕', '소지방', '돼지지방', '양조간장', '참기름', '대파']"
159,160,[프레시지] 한돈한우 남도떡갈비 200gx4팩(8개입),17900,"['건마늘분말', '복합조미식품', '폴리인산나트륨', '돼지갈비살', '후추가루', '소고기', '마늘', '소스', 'L-글루탐산나트륨', '양파', '돼지뒷다리', '백설탕', '소지방', '돼지지방', '양조간장', '참기름', '대파']"
160,161,[프레시지] 한돈한우 남도떡갈비 200gx5팩(10개입),34500,"['건마늘분말', '복합조미식품', '폴리인산나트륨', '돼지갈비살', '후추가루', '소고기', '마늘', '소스', 'L-글루탐산나트륨', '양파', '돼지뒷다리', '백설탕', '소지방', '돼지지방', '양조간장', '참기름', '대파']"
161,162,[프레시지]바질크림빠네파스타2인분/밀키트쿠킹박스(냉장),10900,"['복합조미식품', '곡류가공품', '효모', '정제소금', '시클로덱스트린', '세모리나', '가공버터', '당류가공품', '양파분말', '설탕', '향료', '소스', '정제수', '스파게티면', '기타가공품', '가공유크림', '듀럼', '가공치즈', '변성전분', '글리세린지방산에스테르', '밀가루', '천연향신료', '쇼트닝', '마요네즈', 'L-글루탐산나트륨']"
162,163,[프레시지]소고기야끼소바2인분/밀키트쿠킹박스(냉장),9900,"['양배추', '소고기', '조미김', '소스', '어린잎믹스', '양파', '건면', '건어포']"
163,164,[프레시지]소고기찹스테이크2인분/밀키트쿠킹박스(냉장),18900,"['양송이버섯', '향신료조제품', '혼합식용유', '소고기', '청피망', '마늘', '홍피망', '소스', '양파', '쥬키니호박']"
164,165,[한우리]소고기 버섯 국수전골(1∼2인분),22000,"['육수', '후추가루', '생면', '소고기', '느타리버섯', '표고버섯', '마늘', '고춧가루', '대파']"
165,166,[한우리]소고기 버섯 국수전골(2∼3인분),35000,"['육수', '후추가루', '생면', '소고기', '느타리버섯', '표고버섯', '마늘', '고춧가루', '대파']"
166,167,[한우리]한우 버섯국수전골(1∼2인분),25000,"['육수', '후추가루', '생면', '소고기', '느타리버섯', '표고버섯', '마늘', '고춧가루', '대파']"
167,168,[한우리]한우 버섯국수전골(2∼3인분),41000,"['육수', '후추가루', '생면', '소고기', '느타리버섯', '표고버섯', '마늘', '고춧가루', '대파']"
168,169,[한우리]한우리 곱창전골(1∼2인분),28000,"['후추가루', '홍고추', '갈색설탕', '고춧가루', '육수', '팽이버섯', '소곱창', '혼합간장', '소위', '사리면', '마늘', '떡류', '가공소금', '향미증진제', '청주', '대파', '배추', '양파', '쑥갓잎', '참기름', '생강']"
169,170,[한우리]한우리 곱창전골(2∼3인분),39000,"['후추가루', '홍고추', '갈색설탕', '고춧가루', '육수', '팽이버섯', '소곱창', '혼합간장', '소위', '사리면', '마늘', '떡류', '가공소금', '향미증진제', '청주', '대파', '배추', '양파', '쑥갓잎', '참기름', '생강']"
170,171,10번 [모두의맛집] 오스테리아밀즈 한치먹물리조또,13500,"['기타가공품', '정제소금', '버터', '쌀', '파', '소스', '정제수', '한치꼴뚜기', 'L-글루탐산나트륨', '백설탕', '채종유(유채유 또는 카놀라유)']"
171,172,1번 [모두의맛집] 소문난 원조 조방낙지 낙곱새,16800,"['포장육', '소스', '새우살', '낙지', '건면', '참기름', '대파']"
172,173,3번 [본가스시] 제주 청귤 소바 (2인분),10500,"['향신료조제품', '생면', '절임식품', '소스', '감귤', '건어포', '대파']"
173,174,7번 [모두의맛집] 김씨육면 청돈육면,8500,"['복합조미식품', '쌀가루', '정제소금', '표고버섯', '닭뼈', '멸치', '올리브유', '밴댕이', '다시마', '정제수', '멸치액', '천일염', '간장', '무', '시금치', '재제소금(재제조소금)', '혼합제제', '월계수잎', '된장', '마늘', '메틸셀룰로스', '돼지고기', '천연향료(Pepper, black)', '바지락', '대파', '고추씨앗', '히드록시프로필메틸셀룰로스', '사과', 'L-글루탐산나트륨', '양파', '아이미', '생강']"
174,175,8번 [모두의맛집] 카레시 수프카레,10500,"['연근', '서류가공품', '고구마', '채종유(고시형)', '브로콜리', '서양호박', '느타리버섯', '소스', '양념육', '당근', '콩기름(대두유)']"
175,176,CJ 비비고 돼지고기 김치찌개 460g x 3개,19020,"['사골엑기스', '냉동마늘', '조미식품', '설탕', '5-리보뉴클레오티드이나트륨', '혼합제제', '매실농축액', '김치', '추출가공식품', '개량한식간장', '돼지고기', '소스', '정제수', '효모추출물', '두부', '식용유지류', '고춧가루']"
176,177,CJ 비비고 육개장 500g x 4개입,19540,"['복합조미식품', '사골엑기스', '정제소금', '혼합식육추출가공품', '향미유', '식용유지류', '고춧가루', '옥수수기름(옥배유)', '핵산아이지', '소스류', '정제수', '다진마늘', '토란줄기', '백설탕', '고추기름', '대파', '5-리보뉴클레오티드이나트륨', '천연향신료', '지미베이스', '소양지']"
177,178,CJ 비비고 차돌 된장찌개 460g x 3개,19030,"['복합조미식품', '포장육', '기타가공품', '5-리보뉴클레오티드이나트륨', '설탕', '혼합제제', '천연향신료', '두류가공품', '식용우지', '식육추출가공품', '소스', '정제수', '두부', '과.채가공품', '혼합장', '고춧가루']"
178,179,강할모니 돼지국밥 550g 국밥 캠핑 요리 밀키트,9000,"['복합조미식품', '마늘즙', '양파즙', '사골육수', '돼지고기', '효모식품', '정제수', '효모추출물', '당류가공품']"
179,180,고창 특산품 풍천장어 직화 민물 장어탕 2팩x650g (4인분),34900,"['들깨가루', '후추가루', '재래된장 숙성물', '장어뼈', '생강', '대파', '마늘', '고춧가루', '청주', '정제수', 'L-글루탐산나트륨', '양파', '장어머리', '천일염', '혼합조미료', '냉동무청', '장어살']"
180,181,고창 특산품 풍천장어 직화 민물 장어탕 3팩x650g (6인분),50500,"['들깨가루', '후추가루', '재래된장 숙성물', '장어뼈', '생강', '대파', '마늘', '고춧가루', '청주', '정제수', 'L-글루탐산나트륨', '양파', '장어머리', '천일염', '혼합조미료', '냉동무청', '장어살']"
181,182,고창 특산품 풍천장어 직화 민물 장어탕 4팩x650g (8인분),65900,"['들깨가루', '후추가루', '재래된장 숙성물', '장어뼈', '생강', '대파', '마늘', '고춧가루', '청주', '정제수', 'L-글루탐산나트륨', '양파', '장어머리', '천일염', '혼합조미료', '냉동무청', '장어살']"
182,183,고창 특산품 풍천장어 직화 민물 장어탕 5팩x650g (10인분),81500,"['들깨가루', '후추가루', '재래된장 숙성물', '장어뼈', '생강', '대파', '마늘', '고춧가루', '청주', '정제수', 'L-글루탐산나트륨', '양파', '장어머리', '천일염', '혼합조미료', '냉동무청', '장어살']"
183,184,고창 특산품 풍천장어 직화 민물 장어탕 650g (2인분),16000,"['들깨가루', '후추가루', '재래된장 숙성물', '장어뼈', '생강', '대파', '마늘', '고춧가루', '청주', '정제수', 'L-글루탐산나트륨', '양파', '장어머리', '천일염', '혼합조미료', '냉동무청', '장어살']"
184,185,고창 특산품 풍천장어 직화 민물 장어탕 6팩x650g (12인분),95000,"['들깨가루', '후추가루', '재래된장 숙성물', '장어뼈', '생강', '대파', '마늘', '고춧가루', '청주', '정제수', 'L-글루탐산나트륨', '양파', '장어머리', '천일염', '혼합조미료', '냉동무청', '장어살']"
185,186,당일 제조하여 더욱 신선한 쿡솜씨 고추잡채와꽃빵,15800,"['피망', '빵류', '돼지고기', '소스', '양파', '전분류', '과.채가공품', '파프리카']"
186,187,당일 제조하여 더욱 신선한 쿡솜씨 골뱅이무침,16800,"['양배추', '수산물가공품', '청양고추', '냉면', '소스', '당근', '양파', '대파']"
187,188,당일 제조하여 더욱 신선한 쿡솜씨 깻잎매콤순대볶음,11800,"['양배추', '들깨가루', '들깻잎', '소스류', '파', '당근', '양파', '즉석조리식품']"
188,189,당일 제조하여 더욱 신선한 쿡솜씨 담양청국장,10800,"['육수', '느타리버섯', '소스류', '돼지고기', '김치류', '양파', '애호박', '대파']"
189,190,당일 제조하여 더욱 신선한 쿡솜씨 대구뽈탕,11800,"['무', '콩나물', '청양고추', '명태곤이', '소스', '양파', '대구머리', '미나리', '대파']"
190,191,당일 제조하여 더욱 신선한 쿡솜씨 대구지리탕,11800,"['무', '콩나물', '향신료조제품', '청양고추', '명태곤이', '소스', '양파', '대구머리', '미나리', '대파']"
191,192,당일 제조하여 더욱 신선한 쿡솜씨 동태탕,11800,"['무', '콩나물', '청양고추', '명태곤이', '소스', '양파', '명태', '미나리', '대파']"
192,193,당일 제조하여 더욱 신선한 쿡솜씨 돼지고기두부찌개,12800,"['감자', '표고버섯', '돼지고기', '소스', '양파', '두부', '애호박', '대파']"
193,194,당일 제조하여 더욱 신선한 쿡솜씨 돼지고기콩나물두루치기,11800,"['양배추', '콩나물', '청양고추', '돼지고기', '소스', '당근', '양파', '대파']"
194,195,당일 제조하여 더욱 신선한 쿡솜씨 들깨백순대볶음,11800,"['양배추', '들깨가루', '복합조미식품', '후추가루', '들깻잎', '소스류', '파', '마늘가루', '가공소금', '당근', 'L-글루탐산나트륨', '양파', '즉석조리식품']"
195,196,당일 제조하여 더욱 신선한 쿡솜씨 마파두부,12800,"['청양고추', '돼지고기', '소스', '양파', '두부', '전분류', '참기름', '대파']"
196,197,당일 제조하여 더욱 신선한 쿡솜씨 매콤찜닭,11800,"['청양고추', '감자', '떡류', '소스', '당근', '건고추', '양파', '닭다리살', '건면', '대파']"
197,198,당일 제조하여 더욱 신선한 쿡솜씨 물비빔국수,8800,"['김치', '생면', '청양고추', '소스', '당근', '양파', '참기름']"
198,199,당일 제조하여 더욱 신선한 쿡솜씨 베이징경장육사,14800,"['빵류', '돼지고기', '소스', '두부', '과.채가공품', '대파']"
199,200,당일 제조하여 더욱 신선한 쿡솜씨 삼합짜글이찌개,13800,"['바지락살', '새우', '콩나물', '청양고추', '감자', '소고기', '오징어', '소스', '당근', '양파', '대파']"
200,201,당일 제조하여 더욱 신선한 쿡솜씨 시래기코다리조림,14800,"['청양고추', '소스', '명태', '냉동무청', '대파']"
201,202,당일 제조하여 더욱 신선한 쿡솜씨 쓰촨마라탕,16800,"['배추', '숙면', '어묵', '소고기', '목이버섯', '소스', '유바', '두부', '건면', '청경채잎', '대파']"
202,203,당일 제조하여 더욱 신선한 쿡솜씨 안동찜닭,11800,"['청양고추', '감자', '떡류', '소스', '당근', '건고추', '양파', '닭다리살', '건면', '대파']"
203,204,당일 제조하여 더욱 신선한 쿡솜씨 알고니탕,"12800 
(선택 1.당일 제조하여 더욱 신선한 쿡솜씨 알고니탕- 기준)","['무', '콩나물', '청양고추', '명태곤이', '소스', '양파', '미나리', '명태알', '대파']"
204,205,당일 제조하여 더욱 신선한 쿡솜씨 야채쫄면,8800,"['양배추', '숙면', '콩나물', '들깻잎', '소스', '당근', '참기름']"
205,206,당일 제조하여 더욱 신선한 쿡솜씨 오돌뼈볶음,10800,"['양배추', '청양고추', '소스류', '돼지고기', '당근', '양파', '대파']"
206,207,당일 제조하여 더욱 신선한 쿡솜씨 오삼불고기,11800,"['양배추', '청양고추', '돼지고기', '오징어', '소스', '당근', '양파', '대파']"
207,208,당일 제조하여 더욱 신선한 쿡솜씨 오향보쌈,18800,"['무', '월계수잎', '돼지고기', '마늘', '소스', '건고추', '양파', '대파']"
208,209,당일 제조하여 더욱 신선한 쿡솜씨 왕십리야채곱창,15800,"['양배추', '기타가공품', '들깻잎', '소스', '양념육', '당근', '양파', '건면', '대파']"
209,210,당일 제조하여 더욱 신선한 쿡솜씨 우렁된장찌개,10800,"['감자', '표고버섯', '소스', '논우렁이', '양파', '애호박', '대파']"
210,211,당일 제조하여 더욱 신선한 쿡솜씨 우삼겹숙주볶음,11800,"['소고기', '소스', '실파', '숙주나물', '양파', '건고추']"
211,212,당일 제조하여 더욱 신선한 쿡솜씨 우삼겹순두부찌개,11800,"['청양고추', '소고기', '소스', '두부', '양파', '느타리자실체', '대파']"
212,213,당일 제조하여 더욱 신선한 쿡솜씨 우삼겹야끼소바,10800,"['양배추', '생면', '소고기', '마요네즈', '소스', '실파', '숙주나물', '양파', '건어포']"
213,214,당일 제조하여 더욱 신선한 쿡솜씨 이탈리안감바스,16800,"['기타 수산물가공품', '새송이버섯', '빵류', '파슬리잎', '토마토열매', '절임식품', '마늘', '소스', '건고추']"
214,215,당일 제조하여 더욱 신선한 쿡솜씨 잔치잡채,14800,"['느타리버섯', '표고버섯', '청피망', '돼지고기', '목이버섯', '홍파프리카', '소스', '당근', '양파', '건면', '참기름']"
215,216,당일 제조하여 더욱 신선한 쿡솜씨 제육짜글이찌개,10800,"['콩나물', '청양고추', '감자', '소스류', '돼지고기', '당근', '양파', '대파']"
216,217,당일 제조하여 더욱 신선한 쿡솜씨 춘천식철판닭갈비,14800,"['양배추', '고구마', '들깻잎', '떡류', '소스', '당근', '양파', '닭고기', '대파']"
217,218,당일 제조하여 더욱 신선한 쿡솜씨 치즈오꼬노미야끼,14800,"['양배추', '기타가공품', '베이컨류', '마요네즈', '자연치즈', '소스', '양파', '건어포', '대파']"
218,219,당일 제조하여 더욱 신선한 쿡솜씨 해물누룽지탕,12800,"['배추', '곡류가공품', '바지락살', '새우', '느타리버섯', '오징어', '소스', '전분류', '과.채가공품', '청경채잎', '대파']"
219,220,당일 제조하여 더욱 신선한 쿡솜씨 해물된장찌개,10800,"['육수', '바지락살', '새우', '감자', '호박', '표고버섯', '소스류', '오징어', '양파', '대파']"
220,221,당일 제조하여 더욱 신선한 쿡솜씨 해물순두부찌개,11800,"['바지락살', '새우', '청양고추', '오징어', '소스', '두부', '느타리자실체', '대파']"
221,222,당일 제조하여 더욱 신선한 쿡솜씨 해물야끼소바,13800,"['양배추', '베이컨류', '바지락살', '새우', '국수', '오징어', '소스', '당근', '숙주나물', '양파', '건고추', '대파']"
222,223,당일 제조하여 더욱 신선한 쿡솜씨 해물오꼬노미야끼,14800,"['양배추', '기타가공품', '베이컨류', '새우', '바지락살', '마요네즈', '오징어', '소스', '양파', '건어포', '대파']"
223,224,당일 제조하여 더욱 신선한 쿡솜씨 해물파전,14800,"['기타가공품', '바지락살', '새우', '청양고추', '오징어', '소스', '실파', '당근', '양파']"
224,225,당일 제조하여 더욱 신선한 쿡솜씨 햄가득부대찌개,11800,"['소시지', '콩나물', '프레스햄', '두류가공품', '느타리버섯', '소스류', '당근', '김치류', '양파', '대파']"
225,226,당일 제조하여 더욱 신선한 쿡솜씨 홍콩식차우면,15800,"['양배추', '바지락살', '새우', '돼지고기', '국수', '오징어', '소스', '당근', '숙주나물', '양파', '건고추', '대파']"
226,227,동원 양반 소고기 듬뿍 설렁탕 460g x 3개입,19920,"['복합조미식품', '향신료가공품', '쌀가루', '정제소금', '탄산수소나트륨', '핵산아이지', '소고기', '식육추출가공품', '소스', '정제수', '인산염혼합제제', '마늘엑기스', '조미액젓', '변성전분']"
227,228,동원 양반 소고기 한우 사골곰탕 460g x 6개입,12210,"['복합조미식품', '사골엑기스', '정제소금', '소스', '정제수']"
228,229,맛집 동태알탕 대구곤이 소스포함 알탕세트 밀키트 2-3인분 (950g),12900,"['대구곤이', '명태', '명태알', '홍합']"
229,230,미스타셰프 버섯뚝배기불고기 400g,6900,"['복합조미식품', '물엿', '설탕', '핵산아이지', '소고기', '고형차', '소스류', '혼합간장', '표고버섯채', '정제수', '새송이버섯', '향신료조제품', '식품첨가물혼합제제', '떡류', '당면', '파인애플과육', '산분해간장', 'L-글루탐산나트륨', '탄산음료', '참기름']"
230,231,미스타셰프 아욱다슬기 해장국 500g 10팩,59900,"['복합조미식품', '들깨가루', '재제소금(재제조소금)', '고추', '고추장', '소스류', '된장', '대파', '다슬기살', '정제수', '부추', 'L-글루타민산나트륨', '아욱', '재첩살', '혼합간장', '고춧가루']"
231,232,미스타셰프 아욱다슬기 해장국 500g 12팩,68900,"['복합조미식품', '들깨가루', '재제소금(재제조소금)', '고추', '고추장', '소스류', '된장', '대파', '다슬기살', '정제수', '부추', 'L-글루타민산나트륨', '아욱', '재첩살', '혼합간장', '고춧가루']"
232,233,미스타셰프 아욱다슬기 해장국 500g 1팩,6500,"['복합조미식품', '들깨가루', '재제소금(재제조소금)', '고추', '고추장', '소스류', '된장', '대파', '다슬기살', '정제수', '부추', 'L-글루타민산나트륨', '아욱', '재첩살', '혼합간장', '고춧가루']"
233,234,미스타셰프 아욱다슬기 해장국 500g 6팩 외,"39900 
(선택 1.미스타셰프 아욱다슬기 해장국 500g 6팩- 기준)","['복합조미식품', '들깨가루', '재제소금(재제조소금)', '고추', '고추장', '소스류', '된장', '대파', '다슬기살', '정제수', '부추', 'L-글루타민산나트륨', '아욱', '재첩살', '혼합간장', '고춧가루']"
234,235,삼립 시티델리 브리또 2종 2봉 택 (불고기라이스/김치라이스),26500,"['곡류가공품', '복합조미식품', '정제소금', '빵류', '쌀', '김치', '설탕', '감자', '혼합간장', '소스', '정제수', '콩기름(대두유)', '기타가공품', '프레스햄', '모조치즈', '혼합제제', '양념육', '천연향신료', '마요네즈', 'L-글루탐산나트륨', '양파', '참기름']"
235,236,삼립 시티델리 브리또 2종 4봉 택 (불고기라이스/김치라이스),50900,"['곡류가공품', '복합조미식품', '정제소금', '빵류', '쌀', '김치', '설탕', '감자', '혼합간장', '소스', '정제수', '콩기름(대두유)', '기타가공품', '프레스햄', '모조치즈', '혼합제제', '양념육', '천연향신료', '마요네즈', 'L-글루탐산나트륨', '양파', '참기름']"
236,237,삼립 시티델리 브리또 2종 600g (150g 4입) 혼합 2봉(불고기/김치),26500,"['곡류가공품', '복합조미식품', '정제소금', '빵류', '쌀', '김치', '설탕', '감자', '혼합간장', '소스', '정제수', '콩기름(대두유)', '기타가공품', '프레스햄', '모조치즈', '혼합제제', '양념육', '천연향신료', '마요네즈', 'L-글루탐산나트륨', '양파', '참기름']"
237,238,삼립 시티델리 브리또 2종 600g (150g 4입) 혼합 4봉(불고기/김치),50900,"['곡류가공품', '복합조미식품', '정제소금', '빵류', '쌀', '김치', '설탕', '감자', '혼합간장', '소스', '정제수', '콩기름(대두유)', '기타가공품', '프레스햄', '모조치즈', '혼합제제', '양념육', '천연향신료', '마요네즈', 'L-글루탐산나트륨', '양파', '참기름']"
238,239,삼립 시티델리 브리또 김치라이스 600g (150g 4입) 2봉,26500,"['정제소금', '김치', '빵류', '프레스햄', '모조치즈', '감자', '설탕', '혼합제제', '천연향신료', '쌀', '마요네즈', '참기름', '소스', '정제수', 'L-글루탐산나트륨', '콩기름(대두유)', '혼합간장']"
239,240,삼립 시티델리 브리또 불고기라이스 600g (150g 4입) 2봉,26500,"['곡류가공품', '복합조미식품', '기타가공품', '빵류', '설탕', '모조치즈', '혼합제제', '천연향신료', '쌀', '마요네즈', '소스', '양념육', '정제수', '양파', '콩기름(대두유)']"
240,241,삼립 시티델리 이탈리아식 구운 만두 칼조네 440g 2종 혼합 2봉 (콤비네이션/콰트로),18900,"['복합조미식품', '정제소금', '서류가공품', '설탕', '식품첨가물', '자연치즈', '소스', '정제수', '소시지류', '콩기름(대두유)', '새송이버섯', '혼합식용유', '닭가슴살', '청피망', '돼지고기', '전분가공품', '밀가루', '두류가공품', '절임식품', '천연향신료', 'L-글루탐산나트륨', '양파', '과.채가공품']"
241,242,삼립 시티델리 이탈리아식 구운 만두 칼조네 440g 2종 혼합 4봉 (콤비네이션/콰트로),35500,"['복합조미식품', '정제소금', '서류가공품', '설탕', '식품첨가물', '자연치즈', '소스', '정제수', '소시지류', '콩기름(대두유)', '새송이버섯', '혼합식용유', '닭가슴살', '청피망', '돼지고기', '전분가공품', '밀가루', '두류가공품', '절임식품', '천연향신료', 'L-글루탐산나트륨', '양파', '과.채가공품']"
242,243,삼립 시티델리 이탈리아식 구운 만두 칼조네 콤비네이션 440g 2봉,18900,"['복합조미식품', '정제소금', '설탕', '식품첨가물', '자연치즈', '소스', '정제수', '소시지류', '콩기름(대두유)', '혼합식용유', '청피망', '돼지고기', '전분가공품', '밀가루', '두류가공품', '절임식품', '천연향신료', 'L-글루탐산나트륨', '양파', '과.채가공품']"
243,244,삼립 시티델리 이탈리아식 구운 만두 칼조네 콰트로 포르마지오 440g 2봉,18900,"['복합조미식품', '새송이버섯', '정제소금', '설탕', '혼합식용유', '서류가공품', '밀가루', '식품첨가물', '두류가공품', '닭가슴살', '천연향신료', '자연치즈', '소스', '정제수', 'L-글루탐산나트륨', '양파', '콩기름(대두유)', '전분가공품']"
244,245,삼립 시티델리 칼조네 2종 2봉 택 (콤비네이션/콰트로),18900,"['복합조미식품', '정제소금', '서류가공품', '설탕', '식품첨가물', '자연치즈', '소스', '정제수', '소시지류', '콩기름(대두유)', '새송이버섯', '혼합식용유', '닭가슴살', '청피망', '돼지고기', '전분가공품', '밀가루', '두류가공품', '절임식품', '천연향신료', 'L-글루탐산나트륨', '양파', '과.채가공품']"
245,246,삼립 시티델리 칼조네 2종 4봉 택 (콤비네이션/콰트로),35500,"['복합조미식품', '정제소금', '서류가공품', '설탕', '식품첨가물', '자연치즈', '소스', '정제수', '소시지류', '콩기름(대두유)', '새송이버섯', '혼합식용유', '닭가슴살', '청피망', '돼지고기', '전분가공품', '밀가루', '두류가공품', '절임식품', '천연향신료', 'L-글루탐산나트륨', '양파', '과.채가공품']"
246,247,삼립 크래프트 리조또 3종 12팩 택 (트리플머쉬룸/베이컨로제/스파이시라구),34900,"['복합조미식품', '정제소금', '치즈', '우유', '분쇄가공육제품', '표고버섯', '가공버터', '잔탄검', '당류가공품', '포장육', '설탕', '카제인나트륨', '자연치즈', '소스', '정제수', '식물성크림', '기타가공품', '세부원재료', '새송이버섯', '현미', '과실주', '가공치즈', '변성전분', '천연향신료', 'L-글루탐산나트륨', '유크림', '양파', '과.채가공품']"
247,248,삼립 크래프트 리조또 3종 6팩 택 (트리플머쉬룸/베이컨로제/스파이시라구) 외,"19900 
(선택 1.삼립 크래프트 리조또 3종 6팩 택 (트리플머쉬룸/베이컨로제/스파이시라구)- 기준)","['복합조미식품', '정제소금', '치즈', '우유', '분쇄가공육제품', '표고버섯', '가공버터', '잔탄검', '당류가공품', '포장육', '설탕', '카제인나트륨', '자연치즈', '소스', '정제수', '식물성크림', '기타가공품', '세부원재료', '새송이버섯', '현미', '과실주', '가공치즈', '변성전분', '천연향신료', 'L-글루탐산나트륨', '유크림', '양파', '과.채가공품']"
248,249,삼립 크래프트 리조또 3종 혼합 12팩 (머쉬룸4/로제4/라구4),34900,"['복합조미식품', '정제소금', '치즈', '우유', '분쇄가공육제품', '표고버섯', '가공버터', '잔탄검', '당류가공품', '포장육', '설탕', '카제인나트륨', '자연치즈', '소스', '정제수', '식물성크림', '기타가공품', '세부원재료', '새송이버섯', '현미', '과실주', '가공치즈', '변성전분', '천연향신료', 'L-글루탐산나트륨', '유크림', '양파', '과.채가공품']"
249,250,삼립 크래프트 리조또 3종 혼합 6팩 (머쉬룸2/로제2/라구2),19900,"['복합조미식품', '정제소금', '치즈', '우유', '분쇄가공육제품', '표고버섯', '가공버터', '잔탄검', '당류가공품', '포장육', '설탕', '카제인나트륨', '자연치즈', '소스', '정제수', '식물성크림', '기타가공품', '세부원재료', '새송이버섯', '현미', '과실주', '가공치즈', '변성전분', '천연향신료', 'L-글루탐산나트륨', '유크림', '양파', '과.채가공품']"
250,251,삼립 크래프트 베이컨로제 리조또 12팩,34900,"['복합조미식품', '정제소금', '치즈', '우유', '분쇄가공육제품', '잔탄검', '설탕', '자연치즈', '소스', '정제수', '식물성크림', '세부원재료', '현미', '과실주', '가공치즈', '변성전분', '천연향신료', 'L-글루탐산나트륨', '양파', '과.채가공품']"
251,252,삼립 크래프트 베이컨로제 리조또 6팩,19900,"['복합조미식품', '정제소금', '치즈', '우유', '분쇄가공육제품', '잔탄검', '설탕', '자연치즈', '소스', '정제수', '식물성크림', '세부원재료', '현미', '과실주', '가공치즈', '변성전분', '천연향신료', 'L-글루탐산나트륨', '양파', '과.채가공품']"
252,253,삼립 크래프트 스파이시라구 리조또 12팩,34900,"['복합조미식품', '포장육', '세부원재료', '기타가공품', '정제소금', '설탕', '현미', '치즈', '과실주', '천연향신료', '가공치즈', '소스', '정제수', 'L-글루탐산나트륨', '양파', '잔탄검', '과.채가공품', '변성전분']"
253,254,삼립 크래프트 스파이시라구 리조또 6팩,19900,"['복합조미식품', '포장육', '세부원재료', '기타가공품', '정제소금', '설탕', '현미', '치즈', '과실주', '천연향신료', '가공치즈', '소스', '정제수', 'L-글루탐산나트륨', '양파', '잔탄검', '과.채가공품', '변성전분']"
254,255,삼립 크래프트 트리플머쉬룸 리조또 12팩,34900,"['복합조미식품', '정제소금', '치즈', '우유', '표고버섯', '가공버터', '잔탄검', '당류가공품', '설탕', '카제인나트륨', '소스', '정제수', '세부원재료', '새송이버섯', '현미', '과실주', '가공치즈', '변성전분', '천연향신료', '유크림', '양파', '과.채가공품']"
255,256,삼립 크래프트 트리플머쉬룸 리조또 6팩,19900,"['복합조미식품', '정제소금', '치즈', '우유', '표고버섯', '가공버터', '잔탄검', '당류가공품', '설탕', '카제인나트륨', '소스', '정제수', '세부원재료', '새송이버섯', '현미', '과실주', '가공치즈', '변성전분', '천연향신료', '유크림', '양파', '과.채가공품']"
256,257,신선 국산 민어매운탕 2-3인분 냉장 밀키트 생물바지락홍합이 푸짐한 민어탕 씨키트,21000,"['홍합', '대구곤이', '민어', '바지락', '명태알']"
257,258,신선 국산 민어지리탕 2∼3인분 냉장 밀키트 생물바지락홍합으로 시원한 민어탕 씨키트,21000,"['바지락', '둥근전복', '민어', '홍합']"
258,259,신선 동래식 해물파전 냉장 밀키트 2인분 씨키트 생물 홍합살과 새우오징어 가득 부침개,11600,"['기타가공품', '쌀가루', '혼합야채', '냉동오징어', '새우살', '홍합살']"
259,260,신선한 해물 짬뽕밀키트 1인분 생홍합 새우 꽃게 불 짬뽕,9200,"['새우', '꽃게', '혼합야채', '홍합']"
260,261,신선한 해물 짬뽕밀키트 3∼4인분 생홍합 새우 꽃게 불 짬뽕,15000,"['새우', '꽃게', '혼합야채', '홍합']"
261,262,신선한 해물 짬뽕밀키트(2∼3인분) 야채포함 생홍합 새우 꽃게 불 짬뽕,12700,"['새우', '꽃게', '혼합야채', '홍합']"
262,263,오뚜기 진 사골곰탕 350g x 10개,14110,"['사골엑기스', '후추가루', '정제수', '효모추출물', '마늘엑기스']"
263,264,청정원 호밍스 밀키트 고기순대전골 670g,14500,"['기타가공품', '복합조미식품', '설탕', '식품첨가물혼합제제', '구아검', '식육추출가공품', '된장', '마늘', '고춧가루', '기타 농산가공품', '소스', '정제수', 'L-글루탐산나트륨', '기타전분', '포도당', '천연향료(Pepper, black)', '조미액젓', '생강']"
264,265,청정원 호밍스 밀키트 궁중식 간장양념 찜닭 670g,15280,"['복합조미식품', '정제소금', '설탕', '카라멜색소', '천연향신료', '구아검', '마늘', '소스', '정제수', 'L-글루탐산나트륨', '양파', '기타전분', '천연향료(Pepper, black)', '콩기름(대두유)', '과.채가공품', '양조간장', '기타과당', '생강']"
265,266,청정원 호밍스 밀키트 기사식당 돼지불백 400g,9980,"['복합조미식품', '카라멜색소', '다진생강', '고춧가루', '양파분말', '설탕', '소스', '정제수', '양조간장', '기타가공품', '새송이버섯', '다진마늘', '구아검', '마늘', '돼지고기', '액상과당', '변성전분', '건마늘분말', '고구마', '옥수수전분', '천연향신료', 'L-글루탐산나트륨', '양파']"
266,267,청정원 호밍스 밀키트 낙곱새전골 800g,16900,"['정제소금', '밀가루', '정제수', '알긴산프로필렌글리콜', '변성전분']"
267,268,청정원 호밍스 밀키트 낙곱새전골 800g x 2개,28130,"['정제소금', '밀가루', '정제수', '알긴산프로필렌글리콜', '변성전분']"
268,269,청정원 호밍스 밀키트 마포식 돼지양념구이 210g,6780,"['복합조미식품', '고춧가루', '설탕', '소스', '정제수', '콩기름(대두유)', '천연첨가물', '간장', '기타가공품', '마늘', '돼지고기', '액상과당', '변성전분', '대파', '청양고추', '옥수수전분', '천연향신료', 'L-글루탐산나트륨', '생강']"
269,270,청정원 호밍스 밀키트 마포식 돼지양념구이 210g x 3개,17230,"['복합조미식품', '고춧가루', '설탕', '소스', '정제수', '콩기름(대두유)', '천연첨가물', '간장', '기타가공품', '마늘', '돼지고기', '액상과당', '변성전분', '대파', '청양고추', '옥수수전분', '천연향신료', 'L-글루탐산나트륨', '생강']"
270,271,청정원 호밍스 밀키트 바비큐 쪽갈비 400g,16900,"['복합조미식품', '정제소금', '다진생강', '고춧가루', '양파분말', '설탕', '소스', '정제수', '양조간장', '새송이버섯', '혼합제제', '구아검', '돼지고기', '마늘', '액상과당', '변성전분', '건마늘분말', '옥수수전분', '천연향신료', 'L-글루탐산나트륨', '양파']"
271,272,청정원 호밍스 밀키트 바싹불고기 270g x 3개 +(증정)돼지양념구이210g,24390,"['복합조미식품', '기타설탕', '물엿', '고춧가루', '설탕', '식품첨가물', '소고기', '소스', '정제수', '콩기름(대두유)', '양조간장', '천연첨가물', '간장', '기타가공품', '새송이버섯', '마늘', '돼지고기', '액상과당', '대파', '변성전분', '청양고추', '옥수수전분', '천연향신료', 'L-글루탐산나트륨', '과.채가공품', '참기름', '생강']"
272,273,청정원 호밍스 밀키트 부산식 곱창전골 760g,12130,"['복합조미식품', '정제소금', '들깻잎', '식육추출가공품', '알긴산프로필렌글리콜', '고춧가루', '들깨가루', '설탕', '소스', '정제수', '조미액젓', '기타가공품', '혼합제제', '고추장', '마늘', '돼지곱창', '식용돈지', '대파', '변성전분', '밀가루', '천연향신료', 'L-글루탐산나트륨']"
273,274,청정원 호밍스 밀키트 부산식 곱창전골 760g x 2개,22310,"['복합조미식품', '정제소금', '들깻잎', '식육추출가공품', '알긴산프로필렌글리콜', '고춧가루', '들깨가루', '설탕', '소스', '정제수', '조미액젓', '기타가공품', '혼합제제', '고추장', '마늘', '돼지곱창', '식용돈지', '대파', '변성전분', '밀가루', '천연향신료', 'L-글루탐산나트륨']"
274,275,청정원 호밍스 밀키트 부산식 곱창전골 760g x 2개 + (증정)돼지양념구이210g,21990,"['복합조미식품', '정제소금', '들깻잎', '식육추출가공품', '알긴산프로필렌글리콜', '고춧가루', '들깨가루', '설탕', '소스', '정제수', '콩기름(대두유)', '조미액젓', '천연첨가물', '간장', '기타가공품', '혼합제제', '고추장', '마늘', '돼지고기', '돼지곱창', '식용돈지', '액상과당', '대파', '변성전분', '청양고추', '옥수수전분', '밀가루', '천연향신료', 'L-글루탐산나트륨', '생강']"
275,276,청정원 호밍스 밀키트 서울식 소불고기전골 650g,14550,"['팽이버섯', '소고기', '정제수', '건면', '청경채잎', '대파']"
276,277,청정원 호밍스 밀키트 서울식 소불고기전골 650g x 2개,28610,"['팽이버섯', '소고기', '정제수', '건면', '청경채잎', '대파']"
277,278,청정원 호밍스 밀키트 언양식 바싹불고기 270g,8720,"['새송이버섯', '설탕', '식품첨가물', '기타설탕', '소고기', '천연향신료', '마늘', '소스', '정제수', '물엿', '과.채가공품', '양조간장', '참기름', '대파']"
278,279,청정원 호밍스 밀키트 언양식 바싹불고기 270g x 3개,24200,"['새송이버섯', '설탕', '식품첨가물', '기타설탕', '소고기', '천연향신료', '마늘', '소스', '정제수', '물엿', '과.채가공품', '양조간장', '참기름', '대파']"
279,280,청정원 호밍스 밀키트 춘천 닭갈비 800g,13900,"['복합조미식품', '정제소금', '들깻잎', '향미유', '알긴산프로필렌글리콜', '다진생강', '닭고기', '고춧가루', '양배추', '양파분말', '설탕', '소스', '정제수', '양조간장', '기타가공품', '혼합제제', '구아검', '마늘', '액상과당', '대파', '변성전분', '건마늘분말', '고구마', '옥수수전분', '밀가루', '천연향신료', 'L-글루탐산나트륨']"
280,281,청정원 호밍스 밀키트 춘천식 치즈닭갈비 220g,6780,"['복합조미식품', '들깻잎', '닭고기', '고춧가루', '설탕', '식품첨가물', '자연치즈', '소스', '정제수', '콩기름(대두유)', '혼합장', '간장', '기타가공품', '혼합제제', '식품첨가물혼합제제', '고추장', '마늘', '액상과당', '변성전분', '대파', '옥수수전분', '천연향신료', 'L-글루탐산나트륨']"
281,282,청정원 호밍스 밀키트 햄/고기 듬뿍 부대찌개 600g,15280,"['소시지', '복합조미식품', '정제소금', '식육추출가공품', '알긴산프로필렌글리콜', '고춧가루', '김치', '설탕', '소스', '정제수', '기타전분', '콩기름(대두유)', '식물성크림', '양조간장', '기타가공품', '프레스햄', '돼지고기', '마늘', '포도당', '천연향료(Pepper, black)', '대파', '변성전분', '밀가루', 'L-글루탐산나트륨']"
282,283,청정원 호밍스 밀키트4종 골라담기 +(증)치즈닭갈비220g,25460,"['복합조미식품', '숙면', '정제소금', '들깻잎', '기타설탕', '카라멜색소', '밀글루텐', '다진생강', '물엿', '고춧가루', '김치', '설탕', '양파분말', '식품첨가물', '소고기', '소스', '정제수', '건면', '양조간장', '대두단백', '기타가공품', '새송이버섯', '생강가루', '혼합제제', '찹쌀분말', '다진마늘', '구아검', '느타리버섯', '돼지고기', '마늘', '양념육', '두부', '백설탕', '액상과당', '대파', '변성전분', '건마늘분말', '고구마', '옥수수전분', '밀가루', '밀식이섬유(고시형)', '천연향신료', '기타 식용유지가공품', '절임배추', '숙주나물', 'L-글루탐산나트륨', '양파', '과.채가공품', '참기름']"
283,284,크래프트 크림치즈 감자스프 10개,37900,"['복합조미식품', '정제소금', '서류가공품', '치즈', '우유', '분쇄가공육제품', '다진양파', '가공버터', '잔탄검', '파슬리플레이크', '설탕', '카제인나트륨', '소스', '정제수', '과자', '식품첨가물혼합제제', '메틸셀룰로스', '가공치즈', '5-리보뉴클레오티드이나트륨', '밀가루', '천연향신료', 'L-글루탐산나트륨', '유크림', '폴리인산나트륨']"
284,285,크래프트 크림치즈 감자스프 1개,3480,"['복합조미식품', '정제소금', '서류가공품', '치즈', '우유', '분쇄가공육제품', '다진양파', '가공버터', '잔탄검', '파슬리플레이크', '설탕', '카제인나트륨', '소스', '정제수', '과자', '식품첨가물혼합제제', '메틸셀룰로스', '가공치즈', '5-리보뉴클레오티드이나트륨', '밀가루', '천연향신료', 'L-글루탐산나트륨', '유크림', '폴리인산나트륨']"
285,286,크래프트 크림치즈 감자스프 5개,19900,"['복합조미식품', '정제소금', '서류가공품', '치즈', '우유', '분쇄가공육제품', '다진양파', '가공버터', '잔탄검', '파슬리플레이크', '설탕', '카제인나트륨', '소스', '정제수', '과자', '식품첨가물혼합제제', '메틸셀룰로스', '가공치즈', '5-리보뉴클레오티드이나트륨', '밀가루', '천연향신료', 'L-글루탐산나트륨', '유크림', '폴리인산나트륨']"
286,287,크래프트 크림치즈 스프 3종 10개 택 (콘스프/양송이스프/감자스프),37900,"['곡류가공품', '복합조미식품', '정제소금', '서류가공품', '치즈', '우유', '분쇄가공육제품', '다진양파', '가공버터', '잔탄검', '파슬리플레이크', '설탕', '카제인나트륨', '소스', '정제수', '과자', '치자황색소', '향신료조제품', '식품첨가물혼합제제', '과실주', '메틸셀룰로스', '가공치즈', '5-리보뉴클레오티드이나트륨', '밀가루', '천연향신료', '양송이슬라이스', 'L-글루탐산나트륨', '유크림', '폴리인산나트륨']"
287,288,크래프트 크림치즈 스프 3종 1개 택 (콘스프/양송이스프/감자스프),3480,"['곡류가공품', '복합조미식품', '정제소금', '서류가공품', '치즈', '우유', '분쇄가공육제품', '다진양파', '가공버터', '잔탄검', '파슬리플레이크', '설탕', '카제인나트륨', '소스', '정제수', '과자', '치자황색소', '향신료조제품', '식품첨가물혼합제제', '과실주', '메틸셀룰로스', '가공치즈', '5-리보뉴클레오티드이나트륨', '밀가루', '천연향신료', '양송이슬라이스', 'L-글루탐산나트륨', '유크림', '폴리인산나트륨']"
288,289,크래프트 크림치즈 스프 3종 5개 택 (콘스프/양송이스프/감자스프),19900,"['곡류가공품', '복합조미식품', '정제소금', '서류가공품', '치즈', '우유', '분쇄가공육제품', '다진양파', '가공버터', '잔탄검', '파슬리플레이크', '설탕', '카제인나트륨', '소스', '정제수', '과자', '치자황색소', '향신료조제품', '식품첨가물혼합제제', '과실주', '메틸셀룰로스', '가공치즈', '5-리보뉴클레오티드이나트륨', '밀가루', '천연향신료', '양송이슬라이스', 'L-글루탐산나트륨', '유크림', '폴리인산나트륨']"
289,290,크래프트 크림치즈 양송이스프 10개,37900,"['복합조미식품', '정제소금', '서류가공품', '치즈', '우유', '다진양파', '가공버터', '잔탄검', '설탕', '카제인나트륨', '소스', '정제수', '과자', '향신료조제품', '식품첨가물혼합제제', '과실주', '메틸셀룰로스', '가공치즈', '5-리보뉴클레오티드이나트륨', '밀가루', '양송이슬라이스', 'L-글루탐산나트륨', '유크림', '폴리인산나트륨']"
290,291,크래프트 크림치즈 양송이스프 1개,3480,"['복합조미식품', '정제소금', '서류가공품', '치즈', '우유', '다진양파', '가공버터', '잔탄검', '설탕', '카제인나트륨', '소스', '정제수', '과자', '향신료조제품', '식품첨가물혼합제제', '과실주', '메틸셀룰로스', '가공치즈', '5-리보뉴클레오티드이나트륨', '밀가루', '양송이슬라이스', 'L-글루탐산나트륨', '유크림', '폴리인산나트륨']"
291,292,크래프트 크림치즈 양송이스프 5개,19900,"['복합조미식품', '정제소금', '서류가공품', '치즈', '우유', '다진양파', '가공버터', '잔탄검', '설탕', '카제인나트륨', '소스', '정제수', '과자', '향신료조제품', '식품첨가물혼합제제', '과실주', '메틸셀룰로스', '가공치즈', '5-리보뉴클레오티드이나트륨', '밀가루', '양송이슬라이스', 'L-글루탐산나트륨', '유크림', '폴리인산나트륨']"
292,293,크래프트 크림치즈 콘스프 10개,37900,"['곡류가공품', '복합조미식품', '정제소금', '치즈', '우유', '가공버터', '잔탄검', '설탕', '카제인나트륨', '소스', '정제수', '과자', '치자황색소', '메틸셀룰로스', '가공치즈', '5-리보뉴클레오티드이나트륨', '밀가루', '천연향신료', 'L-글루탐산나트륨', '유크림', '폴리인산나트륨']"
293,294,크래프트 크림치즈 콘스프 1개,3480,"['곡류가공품', '복합조미식품', '정제소금', '치즈', '우유', '가공버터', '잔탄검', '설탕', '카제인나트륨', '소스', '정제수', '과자', '치자황색소', '메틸셀룰로스', '가공치즈', '5-리보뉴클레오티드이나트륨', '밀가루', '천연향신료', 'L-글루탐산나트륨', '유크림', '폴리인산나트륨']"
294,295,크래프트 크림치즈 콘스프 5개,19900,"['곡류가공품', '복합조미식품', '정제소금', '치즈', '우유', '가공버터', '잔탄검', '설탕', '카제인나트륨', '소스', '정제수', '과자', '치자황색소', '메틸셀룰로스', '가공치즈', '5-리보뉴클레오티드이나트륨', '밀가루', '천연향신료', 'L-글루탐산나트륨', '유크림', '폴리인산나트륨']"
295,296,풀무원 고기 듬뿍 소고기 무국 460g x 4개,20550,"['복합조미식품', '무', '5-리보뉴클레오티드이나트륨', '소양지', '소스', '정제수', '대파']"
296,297,풀무원 떡볶이(쌀떡/밀떡/누들/고추장크림/양송이크림) 5봉 골라담기,20280,"['떡류', '기타가공품', '소스', '소스류']"
297,298,풀무원 떡볶이(쌀떡/밀떡/누들/고추장크림/양송이크림) 6봉 골라담기,22220,"['떡류', '기타가공품', '소스', '소스류']"
298,299,풀무원 밀 누들 국물떡볶이 423.5g(2인분) x 4봉,19310,"['떡류', '기타가공품', '소스류']"
299,300,풀무원 반듯한식 건강한 부대찌개 460g x 10봉,46370,"['소시지', '복합조미식품', '향미유', '식육추출가공품', '파프리카추출색소', '고춧가루', '김치', '설탕', '바지락엑기스', '소스', '정제수', '콩기름(대두유)', '프레스햄', '찹쌀분말', '고추장', '된장', '돼지고기', '마늘', '두부', '대파', '변성전분', '5-리보뉴클레오티드이나트륨', '천연향신료']"
300,301,풀무원 반듯한식 건강한 부대찌개 460g x 5봉,25130,"['소시지', '복합조미식품', '향미유', '식육추출가공품', '파프리카추출색소', '고춧가루', '김치', '설탕', '바지락엑기스', '소스', '정제수', '콩기름(대두유)', '프레스햄', '찹쌀분말', '고추장', '된장', '돼지고기', '마늘', '두부', '대파', '변성전분', '5-리보뉴클레오티드이나트륨', '천연향신료']"
301,302,풀무원 반듯한식 건강한 부대찌개 460g x 7봉,32500,"['소시지', '복합조미식품', '향미유', '식육추출가공품', '파프리카추출색소', '고춧가루', '김치', '설탕', '바지락엑기스', '소스', '정제수', '콩기름(대두유)', '프레스햄', '찹쌀분말', '고추장', '된장', '돼지고기', '마늘', '두부', '대파', '변성전분', '5-리보뉴클레오티드이나트륨', '천연향신료']"
302,303,풀무원 쌀 국물떡볶이 423.5g(2인분) x 4봉,16980,"['떡류', '기타가공품', '소스류']"
303,304,풀무원 우삼겹 어묵전골 밀키트 2종(버섯/등촌식) 2개 골라담기,25030,"['숙면', '혼합야채', '어묵', '소고기', '소스']"
304,305,풀무원 전골 밀키트 4종(만두전골/어묵전골) 2개 골라담기,25130,"['만두', '숙면', '혼합야채', '어묵', '소고기', '소스']"
305,306,프레시지 사천식 마라탕 2인분,15900,"['소시지', '배추', '팽이버섯', '향미유', '소고기', '소스', '유바', '건면', '청경채잎', '대파']"
306,307,프레시지 우삼겹 마라 떡볶이 2인분,15900,"['소시지', '어묵', '향미유', '소고기', '떡류', '소스', '건면']"
307,308,핑크퐁 아기상어 클레이 쿠키 만들기 250g x 2개,20490,"['기타가공품', '정제소금', '설탕', '난황액', '밀가루', '코코아분말', '버터', '물엿', '과.채가공품', '전란액']"
308,309,핑크퐁 아기상어 클레이 쿠키 만들기 250g x 4개,41070,"['기타가공품', '정제소금', '설탕', '난황액', '밀가루', '코코아분말', '버터', '물엿', '과.채가공품', '전란액']"
